Gene,TCGA-EL-A3ZG-01A-11R-A23N-07,TCGA-EL-A3ZG-11A-13R-A23N-07,TCGA-DJ-A3VL-01A-11R-A23N-07,TCGA-ET-A40S-01A-11R-A23N-07,TCGA-EL-A3ZN-01A-11R-A23N-07,TCGA-E8-A436-01A-12R-A23W-07,TCGA-FY-A40L-01A-11R-A23N-07,TCGA-EL-A3ZR-11A-11R-A23N-07,TCGA-EL-A3ZR-01A-11R-A23N-07,TCGA-EL-A3ZP-11A-11R-A23N-07,TCGA-EL-A3ZP-01A-11R-A23N-07,TCGA-EL-A3ZQ-01A-11R-A23N-07,TCGA-EL-A3ZQ-11A-11R-A23N-07,TCGA-EL-A3ZO-11A-12R-A23N-07,TCGA-EL-A3ZO-01A-11R-A23N-07,COUNT
AAK1,0,0,0,0,0,0,0,0,0,0,0,0,0,0,0,0
ACACB,0,0,0,0,0,0,0,0,0,0,0,0,0,0,0,0
ACTR3B,0,0,0,0,0,0,0,0,0,0,0,0,0,0,0,0
ADAT3,0,0,0,0,0,0,0,0,0,0,0,0,0,0,0,0
ADH4,0,0,0,0,0,0,0,0,0,0,0,0,0,0,0,0
AMZ1,0,0,0,0,0,0,0,0,0,0,0,0,0,0,0,0
AP1S1,0,0,0,0,0,0,0,0,0,0,0,0,0,0,0,0
AQP4,0,0,0,0,0,0,0,0,0,0,0,0,0,0,0,0
ARHGAP11B,0,0,0,0,0,0,0,0,0,0,0,0,0,0,0,0
ARMC2,0,0,0,0,0,0,0,0,0,0,0,0,0,0,0,0
ASPHD1,0,0,0,0,0,0,0,0,0,0,0,0,0,0,0,0
ATP12A,0,0,0,0,0,1,0,0,0,0,0,0,0,0,0,1
B4GALNT3,0,0,0,0,0,0,0,0,0,0,0,0,0,0,0,0
B4GALNT4,0,0,0,0,0,0,0,0,0,0,0,0,0,0,0,0
BCL11A,0,0,0,0,0,0,0,0,0,0,0,0,0,0,0,0
BCL7C,0,0,0,0,0,0,0,0,0,0,0,0,0,0,0,0
BRAF,0,0,1,0,0,1,1,0,0,0,0,1,0,0,1,5
C8orf34,0,0,0,0,0,0,0,0,0,0,0,0,0,0,0,0
C9orf135,0,0,0,0,0,0,0,0,0,0,0,0,0,0,0,0
C9orf163,0,0,0,0,0,0,0,0,0,0,0,0,0,0,0,0
C9orf40,0,0,0,0,0,0,0,0,0,0,0,0,0,0,0,0
C9orf57,0,0,0,0,0,0,0,0,0,0,0,0,0,0,0,0
CA10,0,0,0,0,0,0,0,0,0,0,0,0,0,0,0,0
CAB39L,0,0,0,0,0,0,0,0,0,0,0,0,0,0,0,0
CAPN8,0,0,0,0,0,0,0,0,0,0,0,0,0,0,0,0
CARD18,0,0,0,0,0,0,0,0,0,0,0,0,0,0,0,0
CCDC107,0,0,0,0,0,0,0,0,0,0,0,0,0,0,0,0
CCL1,0,0,0,0,0,0,0,0,0,0,0,0,0,0,0,0
CCL17,0,0,0,0,0,0,0,0,0,0,0,0,0,0,0,0
CHST8,0,0,0,0,0,0,0,0,0,0,0,0,0,0,0,0
CNTN4,0,0,1,0,0,0,0,0,0,0,0,0,0,0,0,1
COL21A1,0,0,0,0,0,0,0,0,0,0,0,0,0,0,0,0
COL26A1,0,0,0,0,0,0,0,0,0,0,0,0,0,0,0,0
CRCT1,0,0,0,0,0,0,0,0,0,0,0,0,0,0,0,0
CREB3L3,0,0,0,0,0,0,0,0,0,0,0,0,0,0,0,0
CRYM,0,0,0,0,0,0,0,0,0,0,0,0,0,0,0,0
CSNK2B,0,0,0,0,0,0,0,0,0,0,0,0,0,0,0,0
CTNNA1,0,0,0,0,0,0,0,0,0,0,0,0,0,0,0,0
CYTH1,0,0,0,0,0,0,0,0,0,0,0,0,0,0,0,0
DBNL,0,0,0,0,0,0,0,0,0,0,0,0,0,0,0,0
DBT,0,0,0,0,0,0,0,0,0,0,0,0,0,0,0,0
DDR1,0,0,0,0,0,0,0,0,0,0,0,0,0,0,0,0
DGKH,0,0,0,0,0,0,0,0,0,0,0,0,0,0,0,0
DKK1,0,0,0,0,0,0,0,0,0,0,0,0,0,0,0,0
DMRTA2,0,0,0,0,0,0,0,0,0,0,0,0,0,0,0,0
DNAAF3,0,0,0,0,0,0,0,0,0,0,0,0,0,0,0,0
DPEP1,0,0,0,0,0,0,0,0,0,0,0,0,0,0,0,0
DUOXA1,0,0,0,0,0,0,0,0,0,0,0,0,0,0,0,0
EGFR,0,0,0,0,0,0,0,0,0,0,0,0,0,0,0,0
EIF2S3,0,0,0,0,0,0,0,0,0,0,0,0,0,0,0,0
EIF4G3,0,0,0,0,0,0,0,0,0,0,0,0,0,0,0,0
EPS8,0,0,0,0,0,0,0,0,0,0,0,0,0,0,0,0
EXTL1,0,0,0,0,0,0,0,0,0,0,0,0,0,0,0,0
FAHD1,0,0,0,0,0,0,0,0,0,0,0,0,0,0,0,0
FAM219A,0,0,0,0,0,0,0,0,0,0,0,0,0,0,0,0
FAM83D,0,0,0,0,0,0,0,0,0,0,0,0,0,0,0,0
FGFR1,0,0,0,0,0,0,0,0,0,0,0,0,0,0,0,0
FGFR2,0,0,0,0,0,0,0,0,0,0,0,0,0,0,0,0
FGFR3,0,0,0,0,0,0,0,0,0,0,0,0,0,0,0,0
FGFR4,0,0,0,0,0,0,0,0,0,0,0,0,0,0,0,0
FLOT2,0,0,0,0,0,0,0,0,0,0,0,0,0,0,0,0
FLT1,0,0,0,0,0,0,0,0,0,0,0,0,0,0,0,0
FLT3,0,0,0,0,0,0,0,0,0,0,0,0,0,0,0,0
FLT4,0,0,0,0,0,0,0,0,0,0,0,0,0,0,0,0
FNDC5,0,0,0,0,0,0,0,0,0,0,0,0,0,0,0,0
FST,0,0,0,0,0,0,0,0,0,0,0,0,0,0,0,0
GAK,0,0,0,0,0,0,0,0,0,0,0,0,0,0,0,0
GBA,0,0,0,0,0,0,0,0,0,0,0,0,0,0,0,0
GLTPD2,0,0,0,0,0,0,0,0,0,0,0,0,0,0,0,0
GNAO1,0,0,0,0,0,0,0,0,0,0,0,0,0,0,0,0
GPI,0,0,0,0,0,0,0,0,0,0,0,0,0,0,0,0
GRIN3A,0,0,0,0,0,0,0,0,0,0,0,0,0,0,0,0
GRM5,0,0,0,0,0,0,0,0,0,0,0,0,0,0,0,0
GTF2H2,0,0,0,0,0,0,0,0,0,0,0,0,0,0,0,0
HCAR1,0,0,0,0,0,0,0,0,0,0,0,0,0,0,0,0
HDC,0,0,0,0,0,0,0,0,0,0,0,0,0,0,0,0
HECA,0,0,0,0,0,0,0,0,0,0,0,0,0,0,0,0
HHATL,0,0,0,0,0,0,0,0,0,0,0,0,0,0,0,0
HIBCH,0,0,0,0,0,0,0,0,0,0,0,0,0,0,0,0
HMX2,0,0,0,0,0,0,0,0,0,0,0,0,0,0,0,0
HOXB1,0,0,0,0,0,0,0,0,0,0,0,0,0,0,0,0
HOXC13,0,0,0,0,0,0,0,0,0,0,0,0,0,0,0,0
HOXD12,0,0,0,0,0,0,0,0,0,0,0,0,0,0,0,0
HP,0,0,0,0,0,0,0,0,0,0,0,0,0,0,0,0
HPR,0,0,0,0,0,0,0,0,0,0,0,0,0,0,0,0
HS3ST5,0,0,0,0,0,0,0,0,0,0,0,0,0,0,0,0
HS3ST6,0,0,0,0,0,0,0,0,0,0,0,0,0,0,0,0
HYDIN,0,0,0,0,0,0,0,0,0,0,0,0,0,0,0,0
IFNA14,0,0,0,0,0,0,0,0,0,0,0,0,0,0,0,0
IFNA16,0,0,0,0,0,0,0,0,0,0,0,0,0,0,0,0
IL31RA,0,0,0,0,0,0,0,0,0,0,0,0,0,0,0,0
IL7,0,0,0,1,0,0,0,0,0,0,0,0,0,0,0,1
ILF3,0,0,0,0,0,0,0,0,0,0,0,0,0,0,0,0
INPPL1,0,0,0,0,0,0,0,0,0,0,0,0,0,0,0,0
IVL,0,0,0,0,0,0,0,0,0,0,0,0,0,0,0,0
JAK1,0,0,0,0,0,0,0,0,0,0,0,0,0,0,0,0
JAK2,0,0,0,0,0,0,0,0,0,0,0,0,0,0,0,0
KCNA10,0,0,0,0,0,0,0,0,0,0,0,0,0,0,0,0
KCTD16,0,0,0,0,0,0,0,0,0,0,0,0,0,0,0,0
KDR,0,0,0,0,0,0,0,0,0,0,0,0,0,0,0,0
KIT,0,0,0,0,0,0,0,0,0,0,0,0,0,0,0,0
KRT40,0,0,0,0,0,0,0,0,0,0,0,0,0,0,0,0
LBP,0,0,0,0,0,0,0,0,0,0,0,0,0,0,0,0
LBX1,0,0,0,0,0,0,0,0,0,0,0,0,0,0,0,0
LCE1C,0,0,0,0,0,0,0,0,0,0,0,0,0,0,0,0
LGR5,0,0,0,0,0,0,0,0,0,0,0,0,0,0,0,0
LIM2,0,0,0,0,0,0,0,0,0,0,0,0,0,0,0,0
LIMK1,0,0,0,0,0,0,0,0,0,0,0,0,0,0,0,0
LRRCC1,1,0,0,0,0,0,0,0,0,0,0,0,0,0,0,1
LRRTM3,0,0,0,1,0,0,0,0,0,0,0,0,0,0,0,1
LYRM2,0,0,0,0,0,0,0,0,0,0,0,0,0,0,0,0
M6PR,0,0,0,0,0,0,0,0,0,0,0,0,0,0,0,0
MAN2A1,0,0,0,0,0,0,0,0,0,0,0,0,0,0,0,0
MAP2K1,0,0,0,0,0,0,0,0,0,0,0,0,0,0,0,0
MAP2K2,0,0,0,0,0,0,0,0,0,0,0,0,0,0,0,0
MED16,0,0,0,0,0,0,0,0,0,0,0,0,0,0,0,0
MEGF9,0,0,0,0,0,0,0,0,0,0,0,0,0,0,0,0
MET,0,0,0,0,0,0,0,0,0,0,0,0,0,0,0,0
MFAP1,0,0,0,0,0,0,0,0,0,0,0,0,0,0,0,0
MIIP,0,0,0,0,0,0,0,0,0,0,0,0,0,0,0,0
MOG,0,0,0,0,0,0,0,0,0,0,0,0,0,0,0,0
MPO,0,0,0,0,0,0,0,0,0,0,0,0,0,0,0,0
MRGPRX2,0,0,0,0,0,0,0,0,0,0,0,0,0,0,0,0
MRPS21,0,0,0,0,0,0,0,0,0,0,0,0,0,0,0,0
MSTO1,0,0,0,0,0,0,0,0,0,0,0,0,0,0,0,0
MTMR3,0,0,0,0,0,0,0,0,0,0,0,0,0,0,0,0
NDRG4,0,0,0,0,0,0,0,0,0,0,0,0,0,0,0,0
NEK11,0,0,0,0,0,0,0,0,0,0,0,0,0,0,0,0
NKAIN3,0,0,0,0,0,0,0,0,0,0,0,0,0,0,0,0
NOLC1,0,0,0,0,0,0,0,0,0,0,0,0,0,0,0,0
NOP56,0,0,0,0,0,0,0,0,0,0,0,0,0,0,0,0
NOTO,0,0,0,0,0,0,0,0,0,0,0,0,0,0,0,0
NTRK1,0,0,0,0,0,0,0,0,0,0,0,0,0,0,0,0
NTRK3,0,0,0,0,0,0,0,0,0,0,0,0,0,0,0,0
OR10J3,0,0,0,0,0,0,0,0,0,0,0,0,0,0,0,0
OR2A25,0,0,0,0,0,0,0,0,0,0,0,0,0,0,0,0
OR2B3,0,0,0,0,0,0,0,0,0,0,0,0,0,0,0,0
OR51M1,0,0,0,0,0,0,0,0,0,0,0,0,0,0,0,0
OR56A3,0,0,0,0,0,0,0,0,0,0,0,0,0,0,0,0
OR5AK2,0,0,0,0,0,0,0,0,0,0,0,0,0,0,0,0
OR6C68,0,0,0,0,0,0,0,0,0,0,0,0,0,0,0,0
OSM,0,0,0,0,0,0,0,0,0,0,0,0,0,0,0,0
OVCH2,0,0,0,0,0,0,0,0,0,0,0,0,0,0,0,0
OXA1L,0,0,0,0,0,0,0,0,0,0,0,0,0,0,0,0
P2RX5,0,0,0,0,0,0,0,0,0,0,0,0,0,0,0,0
PAH,0,0,0,0,0,0,0,0,0,0,0,0,0,0,0,0
PCDHGC4,0,0,0,0,0,0,0,0,0,0,0,0,0,0,0,0
PCYT1B,0,0,0,0,0,0,0,0,0,0,0,0,0,0,0,0
PDCD2,0,0,0,0,0,0,0,0,0,0,0,0,0,0,0,0
PDGFRA,0,0,0,0,0,0,0,0,0,0,0,0,0,0,0,0
PDGFRB,0,0,0,0,0,0,0,0,0,0,0,0,0,0,0,0
PDIA2,0,0,0,0,0,0,0,0,0,0,0,0,0,0,0,0
PKLR,0,0,0,0,0,0,0,0,0,0,0,0,0,0,0,0
PLAC8,0,0,0,0,0,0,0,0,0,0,0,0,0,0,0,0
PLCZ1,0,0,0,0,0,0,0,0,0,0,0,0,0,0,0,0
PLEKHG4,0,0,0,0,0,0,0,0,0,0,0,0,0,0,0,0
PMCH,0,0,0,0,0,0,0,0,0,0,1,0,0,0,0,1
PNOC,0,0,0,0,0,0,0,0,0,0,0,0,0,0,0,0
PORCN,0,0,0,0,0,0,0,0,0,0,0,0,0,0,0,0
POU3F2,0,0,0,0,0,0,0,0,0,0,0,0,0,0,0,0
PRCC,0,0,0,0,0,0,0,0,0,0,0,0,0,0,0,0
PRLR,0,0,0,0,0,0,0,0,0,0,0,0,0,0,0,0
PRR18,0,0,0,0,0,0,0,0,0,0,0,0,0,0,0,0
PRRT4,0,0,0,0,0,0,0,0,0,0,0,0,0,0,0,0
PTDSS2,0,0,0,0,0,0,0,0,0,0,0,0,0,0,0,0
PTH2R,0,0,0,0,0,0,0,0,0,0,0,0,0,0,0,0
PTK6,0,0,0,0,0,0,0,0,0,0,0,0,0,0,0,0
PTRH1,0,0,0,0,0,0,0,0,0,0,0,0,0,0,0,0
PYDC1,0,0,0,0,0,0,0,0,0,0,0,0,0,0,0,0
RAB3C,0,0,0,0,0,0,0,0,0,0,0,0,0,0,0,0
RAF1,0,0,0,1,0,0,0,0,0,0,0,0,0,0,0,1
RASGEF1A,0,0,0,0,0,0,0,0,0,0,0,0,0,0,0,0
RASL11A,0,0,0,0,0,0,0,0,0,0,0,0,0,0,0,0
REG1A,0,0,0,0,0,0,0,0,0,0,0,0,0,0,0,0
REG1B,0,0,0,0,0,0,0,0,0,0,0,0,0,0,0,0
RET,0,0,0,0,0,0,0,0,0,0,0,0,0,0,0,0
RHCG,0,0,0,0,0,0,0,0,0,0,0,0,0,0,0,0
RHPN1,0,0,0,0,0,0,0,0,0,0,0,0,0,0,0,0
RNF133,0,0,0,0,0,0,0,0,0,0,0,0,0,0,0,0
RNF148,0,0,0,0,0,0,0,0,0,0,0,0,0,0,0,0
RPS27A,0,0,0,0,0,0,0,0,0,0,0,0,0,0,0,0
RPUSD2,0,0,0,0,0,0,0,0,0,0,0,0,0,0,0,0
RRP15,0,0,0,0,0,0,0,0,0,0,0,0,0,0,0,0
SCGB1D4,0,0,0,0,0,0,0,0,0,0,0,0,0,0,0,0
SCN8A,0,0,0,0,0,0,0,0,0,0,0,0,0,0,0,0
SERPINB11,0,0,0,0,0,0,0,0,0,0,0,0,0,0,0,0
SERPINI2,0,0,0,0,0,0,0,0,0,0,0,0,0,0,0,0
SHISA2,0,0,0,0,0,0,0,0,0,0,0,0,0,0,0,0
SIK1,0,0,0,0,0,0,0,0,0,0,0,0,0,0,0,0
SIL1,0,0,0,0,0,0,0,0,0,0,0,1,0,0,0,1
SIRT1,0,0,0,0,0,0,0,0,0,0,0,0,0,0,0,0
SLC10A3,0,0,0,0,0,0,0,0,0,0,0,0,0,0,0,0
SLC13A3,0,0,0,0,0,0,0,0,0,0,0,0,0,0,0,0
SLC18A3,0,0,0,0,0,0,0,0,0,0,0,0,0,0,0,0
SLC1A7,0,0,0,0,0,0,0,0,0,0,0,0,0,0,0,0
SLC27A5,0,0,0,0,0,0,0,0,0,0,0,0,0,0,0,0
SLC35G6,0,0,0,0,0,0,0,0,0,0,0,0,0,0,0,0
SLC7A13,0,0,0,0,0,0,0,0,0,0,0,0,0,0,0,0
SMAD7,0,0,0,0,0,0,0,0,0,0,0,0,0,0,0,0
SMAGP,0,0,0,0,0,0,0,0,0,0,0,0,0,0,0,0
SMTNL2,0,0,0,0,0,0,0,0,0,0,0,0,0,0,0,0
SOX3,0,0,0,0,0,0,0,0,0,0,0,0,0,0,0,0
SPDYE4,0,0,0,0,0,0,0,0,0,0,0,0,0,0,0,0
SPRR1A,0,0,0,0,0,0,0,0,0,0,0,0,0,0,0,0
SPRR1B,0,0,0,0,0,0,0,0,0,0,0,0,0,0,0,0
SPRR2A,0,0,0,0,0,0,0,0,0,0,0,0,0,0,0,0
SPRR2D,0,0,0,0,0,0,0,0,0,0,0,0,0,0,0,0
SPRR2E,0,0,0,0,0,0,0,0,0,0,0,0,0,0,0,0
SPRR2F,0,0,0,0,0,0,0,0,0,0,0,0,0,0,0,0
SPRR3,0,0,0,0,0,0,0,0,0,0,0,0,0,0,0,0
STMN2,0,0,0,0,0,0,0,0,0,0,0,0,0,0,0,0
SYNE2,0,0,1,0,0,0,0,0,0,0,0,0,0,0,0,1
TAS2R38,0,0,0,0,0,0,0,0,0,0,0,0,0,0,0,0
TBCCD1,0,0,0,0,0,0,0,0,0,0,0,0,0,0,0,0
TCAP,0,0,0,0,0,0,0,0,0,0,0,0,0,0,0,0
TEK,1,0,0,0,0,0,0,0,0,0,0,0,0,0,0,1
TERT,0,0,0,0,0,0,0,0,0,0,0,0,0,0,0,0
TGIF2,0,0,0,0,0,0,0,0,0,0,0,0,0,0,0,0
TGM5,0,0,0,0,0,0,0,0,0,0,0,0,0,0,0,0
TMEM101,0,0,0,0,0,0,0,0,0,0,0,0,0,0,0,0
TMEM88B,0,0,0,0,0,0,0,0,0,0,0,0,0,0,0,0
TMSB15A,0,0,0,0,0,0,0,0,0,0,0,0,0,0,0,0
TNFRSF21,0,0,0,0,0,0,0,0,0,0,0,0,0,0,0,0
TNFSF4,0,0,0,0,0,0,0,0,0,0,0,0,0,0,0,0
TOP2A,0,0,0,0,0,0,0,0,0,0,0,0,0,0,0,0
TOP2B,0,0,0,0,0,0,0,0,0,0,0,0,0,0,0,0
TRIB2,0,0,0,0,0,0,0,0,0,0,0,0,0,0,0,0
TRIM60,0,0,0,0,0,0,0,0,0,0,0,0,0,0,0,0
UBOX5,0,0,0,0,0,0,0,0,0,0,0,0,0,0,0,0
UNC5D,0,0,0,0,0,0,0,0,0,0,0,0,0,0,0,0
UNC80,0,0,0,0,0,0,0,0,0,0,0,0,0,0,0,0
VEGFA,0,0,0,0,0,0,0,0,0,0,0,0,0,0,0,0
WDR25,0,0,0,0,0,0,0,0,0,0,0,0,0,0,0,0
WDR49,1,0,0,0,0,0,0,0,0,0,0,0,0,0,0,1
WDR83OS,0,0,0,0,0,0,0,0,0,0,0,0,0,0,0,0
WFIKKN2,0,0,0,0,0,0,0,0,0,0,0,0,0,0,0,0
WNT2B,0,0,0,0,0,0,0,0,0,0,0,0,0,0,0,0
YRDC,0,0,0,0,0,0,0,0,0,0,0,0,0,0,0,0
ZC3H6,0,0,0,0,0,0,0,0,0,0,0,0,0,0,0,0
ZKSCAN7,0,0,0,0,0,0,0,0,0,0,0,0,0,0,0,0
ZNF14,0,0,0,0,0,0,0,0,0,0,0,0,0,0,0,0
ZNF416,0,0,0,0,0,0,0,0,0,0,0,0,0,0,0,0
ZNF778,0,0,0,0,0,0,0,0,0,0,0,0,0,0,0,0
